Feature,Importance
Recency,0.879734906526316
Monetary,0.05145541407904478
Frequency,0.04278635315745315
Quantity,0.021227305053710975
AvgOrderValue,0.004796021183475141
