Metric,Value
MAE,181126.0987273348
RMSE,238012.17612253083
MAPE,0.035556695686228525
R2,0.993143788470068
